frecuencia_cardiaca,potencia,cadencia,tiempo,temperatura,pendiente,velocidad,fatiga
141,175,64,163.08866721130437,21.830959714550506,-2.3415093251413848,21.937396494475067,42.18
182,253,65,118.16636084550359,26.4824271529136,9.502523597862059,19.61529554797935,53.68
104,243,85,126.30566200496183,32.40627148407468,-4.209490030518887,22.47596320017122,47.45
161,185,63,14.02926616527425,31.464727212978232,5.5348904833900665,20.241902604198174,41.12
150,284,78,122.23555629625686,25.63702397456003,4.5538784069357146,11.231601986417914,53.29
110,384,79,12.72895159926753,34.671802564511744,0.8806476075288021,48.861321695623545,38.6
172,319,92,107.94615746973794,22.925862746141,0.3582218586551029,18.82981953811127,59.96
176,168,79,179.8868624240211,36.90142869520367,8.121581345087563,39.36119050357225,63.23
164,146,108,102.26615175150644,12.138408101654917,-3.53078161703671,40.50385578776701,43.59
164,193,71,87.81177066423335,38.63980090099922,-0.9746667417064483,47.17029592028917,60.15
177,337,106,59.74959988847782,29.640792442940445,7.451628441247527,11.221978283735199,54.3
189,303,60,26.091451287631276,21.402235268116158,4.321449923349212,44.88193353788031,39.91
113,317,85,132.92914250519928,15.91462379718632,-2.8242004549290316,31.08904723359201,50.02
92,440,73,38.704829862485326,24.375496883307996,9.996305442795022,35.30176439863311,51.33
111,138,97,25.174353718274766,15.836749695559028,1.6886133915810566,35.77881108484135,23.77
142,199,96,78.8084654528397,14.989948232294264,9.073762380476937,42.7919121993891,45.6
91,388,70,144.18482164284205,28.520552722389226,8.391121263971048,23.33629288636442,55.55
177,353,95,135.38629592103857,25.69254173745354,5.615232590019376,39.322047594399734,51.34
119,321,72,14.604457563133112,30.10288103832825,3.40617923201658,31.143124388887884,43.42
127,122,102,84.65014488132732,37.888176322659675,11.652364286489867,41.735760572213906,43.21
91,349,62,96.42605081245456,25.967806400171206,-2.5355937695431106,49.62184131080534,60.01
153,109,92,117.79566385951888,27.427961597883932,7.327647368368952,18.02604069615045,50.16
149,345,65,118.77928632756493,12.688790174648263,-1.7497580750985868,49.78594566239992,62.73
110,424,109,68.82201865502853,31.529073577258885,0.7504727906499227,13.59248617131096,60.88
122,199,69,103.11850895061495,21.997156204124686,0.24787863734431959,10.092701916192555,49.21
165,389,64,89.18582967271513,39.30175715987737,11.099611791558292,11.76647744711325,69.99
147,279,82,159.87471239157418,34.69522046786981,11.445055022400677,23.671296189470468,62.38
111,322,69,97.79639821110753,25.67443121548355,-1.8887374480096382,35.316253227137366,41.25
178,349,103,82.18062830592828,13.696679625164982,-4.625402274942429,12.761181635513985,61.85
138,246,61,75.78495369432387,35.78247379841767,7.240136674272923,10.226632581182692,56.87
180,195,72,105.1748579008565,33.99343286272065,2.1058288757982337,47.48364113835179,55.43
148,356,99,145.69597139515707,15.53755388611099,-3.4897158335114056,42.87706543759719,45.05
131,424,61,99.22026081663782,18.858348676609303,6.623819794809723,42.367326845561244,65.18
181,103,79,120.78965563909476,33.80221774443512,4.2667939804318955,45.37697102007908,26.58
149,115,60,134.12475920864188,15.55685339642229,11.668785974018803,38.00137091088418,42.38
169,379,96,96.02941922877807,37.53257467514132,-1.1340385703565583,14.176165189923257,59.94
104,435,68,79.69298491460127,22.735822755890858,1.8676238975513204,25.964007522948922,82.51
151,346,76,158.41644112592866,12.611168877629758,4.22327865772219,38.92597945858518,63.14
151,357,68,78.06356470488112,34.472459305128424,8.458899803706979,21.213378431660836,73.19
136,259,70,85.83999885072782,21.20529049115163,4.330257164240997,37.496254565449505,74.93
151,439,74,178.30972983481098,25.79497582461343,5.419302734653137,10.979937930706093,65.7
140,251,83,5.041566625779802,13.369130332336574,-1.1555001229710071,22.245493635183728,48.06
144,277,97,37.457759175926434,10.077520445349471,9.397618377505518,31.965213451086907,33.17
153,262,94,72.193680735952,29.13955617379893,2.286719298498088,35.28359318024969,56.18
92,132,89,168.20323414941925,25.455255110011947,-2.6036863321299224,33.08162657847643,58.9
140,278,90,17.255198505807428,27.806157073694415,6.291194546592095,37.910251042937176,40.88
96,200,108,6.659950884987163,33.81231551141549,-1.3264622958497725,10.243549929593563,26.39
110,367,64,14.219671296015003,29.398177402685803,-3.3414373259319046,14.037647999100859,52.33
162,422,103,20.495096857383174,15.243203284821316,9.653777442872629,44.7577700911658,87.39
128,164,109,11.579435311095652,20.823175573317997,2.822758496303474,37.26994576360645,44.05
107,267,73,88.96173219988833,37.17673314363281,7.737823115828199,14.517265707440451,40.15
93,429,70,106.63251126478235,33.09834100755037,-0.06001148329196315,43.68297749594317,79.78
178,142,68,52.545219937075714,26.699111738101518,8.378492293600328,19.689248712982675,23.8
149,143,93,74.70029219573622,17.66934993427817,-3.0970892406339843,29.130395367808937,64.46
103,384,71,21.047383644500275,19.06181505504385,1.051547354512496,15.807860515386412,63.58
98,111,94,63.86483116997386,31.958742027569038,11.627050905549986,38.404402256868266,53.91
179,194,94,96.44085853604155,35.53522782558312,8.497825178256104,36.67417684057071,32.07
142,401,60,133.1475662573129,30.142740085918433,3.4533508153496992,18.44449884664545,70.53
91,352,99,5.585613357521364,34.28589927305325,0.7762170165520468,44.53603067428007,47.11
173,341,81,86.7793841440892,32.99968405601218,9.8263069003821,26.05224096878849,52.42
181,134,88,56.97550337960439,14.491119038708732,4.262411904436766,21.700603642829673,25.23
149,314,67,154.24381879608273,22.71834438739906,7.893225303774889,16.093183578581417,68.15
160,436,70,130.22183016599234,14.58951402485688,7.819830565374788,20.646720500621498,78.55
133,189,100,108.0939935324066,17.057067544059542,-4.694923464335639,10.88107684895268,59.34
97,363,96,53.52148799693538,36.07778873953158,-2.853685692525571,33.33029969824462,47.84
136,192,73,164.3093428600685,24.186758968995463,6.2136992287106185,43.689229853757915,46.41
124,189,89,12.892618513556556,26.060743055279826,-2.2524632081401856,31.959217977665674,20.25
167,214,94,24.156829768845153,15.353378956833163,-0.65661314085472,18.77095847695503,63.3
170,204,80,73.53527459456231,19.36815358146388,11.092845221393322,11.346767128554909,50.4
125,295,96,26.77657252694986,16.907385052836098,4.523098392373502,18.585122930352114,56.67
139,413,64,172.3727470728994,16.185584935552793,7.762401618988902,26.644857122843693,78.33
93,213,78,144.64813137509208,29.138823799479102,4.485672559304877,40.38445714799186,62.36
91,174,73,50.32196403031739,17.706515429371443,4.392731451306329,17.513714101510963,24.03
95,316,85,107.99699007031795,28.960464580612555,-3.3994175278631356,38.79165813418744,59.6
143,376,63,176.9078401390143,11.753638423256618,0.842274274354752,44.67733873407535,63.36
93,348,84,159.73482117301302,14.253231805813055,-0.19867472232930083,28.157873924334282,81.03
143,263,104,110.13972812738466,18.23620762000376,1.6423822154314252,42.85727966570373,40.39
182,291,101,163.15169425567234,27.91140750687075,8.571851199813581,32.18629392140382,78.8
152,326,84,178.1073592173378,30.27523735262128,1.3228553545867028,35.4836334832362,68.56
107,276,77,135.08674400638424,23.281509003385814,2.678845926938606,31.051138413528108,54.34
179,198,99,16.372621659506454,23.37372743731687,1.7554836382503805,28.526908670053672,45.8
133,135,67,75.27654137446031,31.735505541958542,-3.4120644764199746,19.386137671033975,55.27
123,195,98,151.61950367456797,10.474632752967473,2.498226690263323,22.127762378441844,47.63
163,251,99,45.34960926587833,20.23270073422662,-1.6746423582432444,21.59880475774436,30.59
151,250,73,150.3624406063593,34.56121171357698,-1.825703971858295,32.53155723815259,70.98
189,289,91,26.05928335612429,28.096582306401167,-3.4013862246174718,14.798147720955598,69.06
103,323,97,13.215437500867276,20.116813982662613,1.0634065604100007,46.6716676280934,52.51
184,136,92,72.21585701096868,37.16574376989021,7.877192041420095,38.82620581132453,32.32
137,367,82,11.428089049657384,33.178681823481476,-0.3004912600822669,26.057825236527744,45.0
104,282,74,172.52229602208197,17.946863417102,0.3099347320537307,16.34496578105512,29.83
161,112,92,149.58599676394402,29.358695125771508,5.9254691804312,45.27968678886543,49.41
167,378,84,145.13469524772813,27.8725218456687,-1.6707061860223789,42.95112360404661,51.08
176,316,76,115.21113652432679,22.035637421169483,10.248284817200084,38.86886210868717,40.78
151,385,92,42.856704031396866,21.00868237614402,3.843238895276425,20.861881896449695,76.39
129,372,106,95.69556416836863,20.30681424327112,2.6092499854436886,26.097865497346756,68.94
174,161,61,109.52296267530969,28.514673501869403,4.482943262796423,14.109930098096935,44.92
169,183,73,96.88051265054693,23.272298094420087,-2.1774166719246772,17.56158098910127,46.0
171,316,99,50.540839391517274,34.95589339754266,5.429043356865996,41.32066549266931,29.42
142,441,99,95.16838675507702,30.088078484018858,1.172712522778177,38.60154875402735,79.5
113,286,98,90.95760965200965,12.097948171283024,10.252167796398522,33.739430519037384,39.88
115,118,65,179.35876076617674,29.205046714844983,-2.1294784864793357,45.829069037046914,43.52
178,276,65,162.0513259080857,18.134423095005545,3.619868765712498,33.33066071252182,29.61
149,199,62,86.09163093773348,27.78435974960268,5.167914699273306,28.67871999854443,59.01
130,332,66,114.01404201364576,30.40395793310354,-4.432478769631519,23.614829852230507,49.04
118,175,67,135.87753071614,16.924875674620363,1.182783120854384,47.6179402294469,23.62
104,364,101,11.101403040919358,23.70575934641106,7.454798989914158,13.30861846097414,48.41
134,383,74,161.611252214872,15.709745884572033,8.946417626632547,47.235494882432334,56.53
154,305,106,155.52219287313665,11.57016627359525,0.32375391189379954,43.068586397240736,70.33
178,322,88,85.05061711039878,21.35429270457607,8.576085630506771,15.197196981428052,56.74
160,151,92,73.45470906406646,20.88832815537976,11.451849910757609,32.599374307010144,59.15
98,438,89,52.767890599855114,39.864414721127716,9.566856913276599,44.66191926996348,66.52
177,243,98,88.41844495781447,23.390570535929264,-3.0000522012914717,32.87236654428615,63.53
90,168,86,12.765916118316435,20.007086484166013,7.575415645454191,46.28799286242489,30.26
97,198,95,154.13386833572636,27.414250201500238,0.4343361514892603,47.7193526726417,58.51
177,124,88,11.198914473245388,12.663021823233054,11.8030718200053,26.895380887372234,23.04
152,152,97,62.583988939727426,38.8499720786444,3.2511027137180815,25.092546456252943,45.07
100,250,92,168.02816045582324,29.048801367730995,-2.9186237278980025,47.45284615876627,43.99
170,243,96,133.66221454160424,32.64513459822543,7.328154316465643,37.005602445986725,74.3
97,156,86,54.243418101067185,15.114338145217527,0.4911903725656348,14.640907253926772,51.09
124,138,92,49.21359144315489,22.284335590156118,11.950328670388249,11.691669968907249,37.0
124,208,63,5.889374468154544,22.680673401885684,11.656301783526871,32.58516203989053,23.72
122,280,81,126.75000124870628,34.65419331703261,6.154278306349871,47.20683861753698,59.14
94,141,61,13.53712679280529,10.037100392782284,-2.792950367820801,43.76994809623274,5.03
130,285,69,98.20544089513336,19.02559325059765,6.676636960475495,37.03390985857346,71.32
117,322,64,173.3713452036087,39.437091230329116,-3.4184817301795376,15.564633955643501,55.86
96,221,69,24.15705050952943,24.246596305186557,-4.50080929525933,20.169255349947825,37.1
162,232,92,161.5339879194118,21.47578840732025,8.990293585765263,45.020449062104646,46.26
161,262,97,178.50818365038342,13.594870060529392,-1.434199889377417,17.31228946627602,46.2
101,314,72,15.765479591866134,39.22493885884047,1.4434611457246556,21.13757633001738,58.55
123,320,90,159.50859709905572,10.600790677774734,11.548775629594942,15.184026047817678,55.97
122,334,106,95.31382857763292,32.11540675021729,0.7262885316387555,37.04432925657645,56.95
137,430,95,163.63990090280151,33.05799414365525,0.04032628181635989,47.75929221452839,58.41
112,245,104,104.98081483592547,17.309701481916,10.609535993587178,20.75872126381544,57.6
151,338,83,120.8696017686488,30.14675330839112,-3.117276429577712,29.01626431400295,73.29
177,175,74,100.16130889954486,12.787874331381698,7.912900971948741,35.37358958844817,43.75
126,108,88,156.286254053786,17.711417992962396,11.79711463309716,49.97864992862523,53.35
188,173,67,133.4342358168978,33.637059648767945,10.32203218316903,14.192322599902884,53.65
133,352,64,96.22055463157261,35.940585761006204,6.078354618009241,29.942831980228366,70.82
175,329,88,156.9281407090207,28.25459237979374,0.3390335148764434,25.404804796100002,46.33
180,106,106,47.92496814468355,25.205152954614476,-0.676526319968616,44.63280660889421,42.13
124,273,63,32.534615447942045,14.779120618569408,8.927336782814839,29.038709240466236,42.23
154,240,71,33.070018432762616,11.893270992374505,9.95697253717882,14.439100983405924,48.62
188,267,104,63.45155378041663,13.529470854206759,3.9323935132767787,35.37696581146335,54.85
136,269,61,46.770755477678065,16.820719002882964,-0.8462210066300759,40.83122473055519,47.52
167,382,86,167.76581133920428,20.250235056907627,-3.0799654570100494,10.115250066624583,77.32
92,221,90,23.5209664200022,21.427285765329614,-3.5179490468588703,44.35826741682518,28.16
90,293,95,127.32337915692784,20.389653057670106,7.224316605015545,17.440920000226626,57.52
94,104,95,38.11376946237603,17.171659965917968,2.1420183734113243,32.082774586135116,41.22
179,128,85,159.2864982348113,25.291727402550944,10.391117862723796,26.631900027498006,31.73
103,264,102,173.2301754323588,34.7585832469869,7.574412112354983,38.786152664421216,44.12
116,438,86,86.45725153474713,18.391106154144374,-1.748572895452026,24.846464591429672,53.59
98,235,64,158.83750903992305,38.271610573066994,5.434216119866884,44.79052706726843,36.17
168,420,79,5.900404882075084,36.200099851715436,2.4035927247687088,39.21985443835161,59.5
104,441,70,148.49071054641752,14.852926340563288,4.813245423066423,35.908526842516864,77.35
179,244,69,45.00940326686162,33.588278702712834,7.547175096754792,41.849623822514175,70.6
131,426,99,164.02272912213937,27.237621469533,8.705329977064444,40.16092139713529,71.37
166,316,97,5.19601950901916,26.997260865142557,9.343534548914313,11.437546996862133,52.37
140,400,65,102.33180363195747,21.73128289174523,-0.6824271322755795,25.789374153793126,73.56
152,231,67,137.41126566236358,25.034589975460293,-4.47103480140492,47.23229189265959,21.74
185,391,82,50.270457872133896,21.91536332287633,7.5680104978011435,15.028970759689049,54.02
141,169,106,38.798251302776286,26.191978562798283,-3.192156653651832,39.48386201728205,10.03
185,351,85,19.717189281897312,28.838501583179074,0.35363300642045026,48.983672453413185,46.66
93,374,105,62.125875888076266,30.229114192271453,-4.935108719886099,12.087945161798865,45.63
183,281,102,102.97275465404516,25.974435776782784,6.588381200827541,37.287755225064416,77.16
112,266,71,25.27267493654509,31.64266201986195,-2.1587558049892386,28.726165652041217,10.97
104,190,85,70.92168834768978,14.238341478265173,6.139800964758189,33.167010214988885,32.04
132,301,72,6.587670814226868,16.359474727067155,11.85962449185326,13.413653459372995,56.7
118,445,99,148.2688985874723,34.5620501222281,-3.7645951826297233,11.72027807467758,75.85
125,118,77,27.47852566630849,19.675839335392453,-3.6896737968251685,36.674666422036864,47.91
102,138,84,54.58501594647678,10.686814749283608,0.7864615753334734,42.93237719282872,31.19
121,225,92,8.224850779188056,14.613734490040933,9.728570742272815,41.28061339731869,43.19
160,272,106,80.64213718118965,16.70843303488934,-1.3359922305473586,31.752229114649495,29.24
148,240,99,152.0212629797133,38.719686636837615,1.1264229388159084,13.994672845447127,45.04
175,341,102,73.6264620029094,27.191242867925478,-3.835408087341347,37.52177775344055,38.93
117,319,71,36.412031599170845,37.98192221428764,7.97363995140112,19.675555342165836,60.88
155,225,103,136.89729595884086,27.254900514898747,1.9412078269106683,46.44274811069535,55.96
131,157,95,143.04122182738024,24.380633204135552,7.907228462034329,43.530614381828194,47.11
134,247,107,35.406858178824194,19.411830735822882,10.361333353895516,38.375318683495635,34.23
151,416,63,139.8994689946732,28.191128333001267,-1.043026499278091,47.953838233245214,56.73
146,100,64,170.77713044485915,14.175940738525895,8.725732515779173,11.256872860450917,44.34
95,447,96,34.11607771314766,36.94784881878118,-3.9954038686696944,39.448017002430475,51.73
117,289,67,139.9222511931237,34.879972154238516,10.280405599064204,23.209711173456213,44.46
117,290,101,129.00010080546014,19.52594343630211,6.063065308498706,46.24263542745461,45.4
133,411,108,87.8754304761405,38.58392582803883,9.861854310351976,20.667007866479103,59.61
173,216,87,15.136080597789702,34.75602302246705,-4.9967972075381075,38.99425997260068,36.0
119,233,90,18.07152310762445,29.989206575051192,-2.1256218039481274,45.10588078603126,25.84
151,157,68,154.17256535976335,13.652857333758243,1.6259095862503656,11.666272735307297,51.11
164,143,88,178.27596523136324,24.347020691442168,1.451549357370216,25.905903183681446,67.51
181,272,73,123.30914500768202,25.183226645402527,-1.1455834903003188,40.492361280877546,57.49
178,259,99,83.04270372680625,16.976540750961405,1.487402977742402,28.19675558030348,56.23
151,272,100,118.32538759533382,12.398961830779058,-2.809571895995668,20.69010519174381,59.21
186,416,81,109.01927536499544,33.30170891415078,2.0169391975224427,18.7922139529276,78.61
90,402,70,72.13214557098381,13.661051563731851,8.640023595707492,15.260730676655117,45.89
116,248,82,16.484575300452263,27.82872251685324,3.1441910727569713,44.285182394251294,63.1
151,179,60,148.76476579630216,38.093475216509816,-4.693998487931346,33.01421613006224,40.44
166,312,105,70.07086761677681,36.283155777941275,2.1645487068472065,13.05539779965824,68.59
92,302,96,148.2874875874914,18.332578712477833,-4.5380247264556495,25.303212942825418,57.1
159,351,80,49.18903119546689,35.54345912653796,11.426137982015568,24.709346032204394,38.43
161,328,85,5.180158972985844,10.009975183614682,-2.8332826898112273,17.269567628378518,47.47
116,263,105,32.81419957343239,10.530634288397717,7.030701547620518,27.42030501888763,43.45
98,326,95,86.99439793450226,28.07659491528595,11.537197489165457,23.28397461572546,55.31
151,246,82,170.25313611762022,20.943946574335882,9.042663878331721,23.6721482196873,59.97
126,119,60,22.883883446400823,21.593825234774414,6.888361377145463,39.56106231151835,40.7
186,146,99,154.48671053077405,26.933232720366476,9.270835461513038,18.930535420207853,51.74
140,332,74,97.22921683707587,15.753473667755816,11.69057778543067,35.67439835421422,61.33
133,404,80,149.5361340149819,16.352660519964353,5.562856453310003,32.825984955237395,64.93
113,113,106,57.21552542324871,24.53804761056594,4.506141716098551,32.72370049351469,19.61
168,242,68,151.9907538176826,32.62760633031589,5.680047877875783,36.520293845671034,58.22
148,100,68,140.2439865029408,28.58493254222763,4.055490074946434,31.935281447826156,50.13
121,153,69,45.259394530500934,18.920651447105165,5.79651480046522,45.17020459385539,47.91
185,358,85,27.98364712164116,22.910115325267636,2.6473175355335075,37.02320367801039,67.35
177,243,100,156.90950644315126,15.119942756499952,-1.286465890983779,31.878530054855524,71.86
141,111,94,173.5664143520231,12.238894430112452,-2.9557971493015143,43.190524811505796,43.73
151,429,84,10.477904905815343,33.48088122232448,-3.838204095951573,34.24586259733919,73.95
147,323,85,132.97226172039498,17.961622275645837,-0.523631676195599,21.64576991140716,70.45
141,371,70,164.1667894158682,15.332991635537446,-4.215899406292525,18.28379672706285,61.1
101,255,97,155.03801611618726,30.74854166707958,4.641903258629554,16.09311142650715,60.66
128,107,61,173.7910826472865,28.54155022861558,-0.17491640060015534,45.978208501844065,28.31
91,221,66,138.016463726667,28.99568878040392,9.017091737479547,38.40541727192263,49.52
92,447,77,82.4022834166593,16.866838145398408,-3.7379051591974304,47.49513752657283,65.42
145,263,86,59.59159833664783,16.97936615688043,-1.1520245961947388,34.13167222859772,60.58
170,189,93,61.129979576672305,16.624078893569173,7.41418450053248,28.9360352597965,55.42
148,235,86,131.7739677074705,15.212577869868834,5.179741038519355,12.388659558835574,64.73
91,285,76,135.52147710541877,29.67171017684969,-3.903648388764152,36.86569126184119,48.38
91,415,102,40.06285012102472,35.44047655748204,9.913070771757408,33.28835039072925,54.43
181,277,103,156.92149236084293,31.729524090299837,9.913449968045052,49.60835574350486,59.11
143,127,83,130.11170703539335,33.76280901281629,0.6169360658881553,19.56635111128972,46.75
176,319,84,103.48130011009196,22.143952872555992,0.7868993369426001,31.229494211473433,38.57
185,140,66,87.51818051793973,29.622273861159943,11.813482091952956,36.03829340472291,63.12
186,327,65,100.06574101324267,20.627087213343238,5.64499491708335,35.78364698969374,63.02
90,291,83,32.86800419887128,25.7651386590592,4.032380849657004,32.45174171793611,39.19
108,244,92,40.647718623347984,24.449045396045868,9.248587120382716,41.07712041308902,11.55
91,300,108,20.953785821083542,15.30661435431563,-0.1500642479256209,18.199248381072657,42.48
142,311,88,31.890156678194717,21.612362810068923,2.296104087738067,39.02508801097663,48.61
133,319,102,84.39638605592447,38.914668264470535,-0.4477965166983191,34.78938285732357,46.0
179,339,81,97.81201890244482,17.457407731448264,8.415734392008435,45.84300447178293,53.5
121,145,85,8.125831183705891,14.01411208838466,4.7469388757987065,43.88777756134327,30.06
159,134,87,144.43961987620483,22.55741864871806,6.200026192381198,22.60588156530213,38.21
121,352,109,56.47939533510863,33.71013207580444,-0.710776752730089,21.049492999006123,63.68
157,181,80,164.57130611798445,27.464446893399167,-1.256169876585643,49.26613295409791,39.91
144,355,108,174.3144711324111,30.429244817147335,3.3023686927099583,31.09060723661026,68.15
164,296,66,37.45530306841451,15.690845445240315,7.538617734578056,46.25683855657747,66.24
145,402,76,85.8670258839906,28.568445790231646,3.929075877842722,16.55524095121929,65.46
106,109,79,5.215571154124531,19.705011847344213,-4.445023481723633,35.71275659200697,29.84
127,411,100,109.70727139642472,35.02910097864303,9.76537560744491,42.39440749442345,69.89
113,385,108,111.27862844596746,28.878964180322086,-3.900322810242763,47.89580998345787,59.26
158,341,79,48.319492230590654,15.965688333258878,11.249016223252788,23.49360564068094,56.94
187,350,81,102.72221770205964,11.938500395322585,-4.572586709286364,38.9992467969621,54.85
159,104,87,44.4695249276537,11.278996278610983,6.805657754222048,31.55252036158476,35.85
175,218,99,33.14445708868326,21.142257029504222,-3.602479916899712,12.425157042658729,43.97
100,388,108,119.01590669039632,17.975534099629407,10.481501850397374,37.599989492357736,77.63
105,164,66,62.03695619161311,29.38270370387524,2.8953650158342272,37.60386232951374,46.37
186,245,60,108.29618930498393,24.98001504935855,-2.6620958281107385,47.22427219386148,36.77
162,323,91,80.81818107003973,17.980578340161422,0.7938668964273923,29.892497846758896,40.19
148,338,72,177.26149629550818,14.477133338505283,-2.1979805191050454,19.210036828420588,60.9
159,276,89,31.176612466824007,13.815992880623487,-2.1001075035294696,11.782552937947166,44.72
169,366,82,86.30475441126677,35.93981176421253,11.117841442914518,26.62568746743623,64.94
182,440,78,124.07990961288192,17.304339052146016,2.5691839088413992,22.076668003100075,81.66
92,381,91,74.22038967899452,29.55131943732905,8.409638486391113,40.44353224095502,59.91
109,162,89,175.5724740773707,34.32057783958798,5.873294540020591,24.170710593641864,49.53
148,316,88,131.33033488721364,28.422439335542084,6.499248159752668,47.962847852593754,77.23
125,441,108,119.97217507378629,35.78695694940838,-2.7612115459753452,48.49240811951137,50.68
108,414,104,137.48537183196407,21.771811645854235,-1.0188644041367434,34.83634360870832,63.94
179,382,88,171.71351165677547,38.68666571946845,8.374755697625428,47.14641148059532,66.93
156,276,89,163.86826427231202,13.994350125342908,11.50302551007131,40.434173780579826,74.82
108,197,75,131.74992892212208,13.064485889726143,-0.534514075822921,31.874385639005048,14.01
109,204,99,136.10328684272454,29.760764386223308,-0.3833309992323226,17.212317416911127,19.56
185,198,78,30.536362956150455,38.28493424239785,3.0392512577853825,28.3439177405536,53.37
160,410,77,22.988670786216495,34.266503849089844,11.725285318542443,32.43497853450471,79.44
141,105,60,104.90828782272875,12.292505783141543,-0.42769792094999204,44.55846322940041,43.55
122,296,73,8.2143364645945,18.38103141804149,1.9185224637824856,29.253335061426597,35.92
129,232,106,89.41236677152853,37.90956654513471,10.155160265599616,45.90698690711827,67.68
128,358,109,41.81117648580201,17.591752984023536,-4.950342445436846,36.973959160938755,37.67
171,122,61,65.55289933784692,33.43511271360758,-4.323978595194317,15.479962522146856,58.1
90,152,87,140.7658287637673,34.75396587786111,5.269218510210727,49.79925477300372,25.41
100,264,108,169.71656324066763,24.863563103829453,10.4254628001184,31.089306430156505,47.79
181,301,109,17.672847625609762,21.590467295449464,-0.9394367731672295,25.674331856363153,62.26
146,182,89,98.4923860458779,23.50373297259279,2.983910169572053,36.36455057878106,26.41
178,244,97,159.44336001843,16.808940830960925,2.6579101281829107,14.355732559241563,75.74
139,184,63,19.438993527073723,36.68172748386533,3.0405128836236734,35.461545870134174,36.94
112,177,60,149.28995820694593,23.518589701892736,5.582834827405668,29.92944001997092,45.24
120,100,67,67.61523641244749,36.47378321368299,2.9856439708416236,26.266962799943325,48.98
183,150,88,61.366572888383686,13.170804397188222,2.6069584024817827,48.12080084715597,31.31
131,272,98,176.05661760508752,39.64825813000394,3.062903147331429,30.90158866928213,71.81
188,304,62,40.15034072590148,23.298192623308548,5.044746501607706,18.764699178797535,78.49
96,359,91,126.30893964396917,11.434924611823163,4.129127301973092,28.358539175091945,46.57
105,387,69,148.75212740172663,11.140655447123647,9.520311960058573,46.775496182906906,75.88
179,133,69,12.207111673872543,32.38621772445516,-4.158553490607668,17.043818853223787,19.01
149,447,78,122.31745521202214,29.77106602611042,9.166390215041211,18.558281547529475,78.26
91,194,105,171.52124551218222,34.063916743827626,9.346718414399309,10.52118271028335,32.46
90,171,93,26.738494177410388,13.16102601858418,-0.1565636339736658,10.567601975830687,42.93
137,138,92,161.83872796988172,11.06712601106645,2.868483235269461,43.1756650783405,50.91
101,253,82,109.08591154096382,25.257378683427355,2.4551543051364035,39.28490427371823,71.51
158,349,87,112.90580182593295,21.627856944483085,-1.285332815979785,24.20164225807833,79.3
126,261,91,112.26523060148104,23.85840810012867,1.7455464004673802,37.93244628910291,47.79
121,217,109,57.29628010902992,39.74765226610822,-4.245407873095474,25.80823705239881,31.49
98,358,66,168.66031767740543,39.12249873012011,-0.27702476271051424,48.1158718399131,67.6
188,405,88,170.78633096043177,38.26946169019578,8.883596982662208,48.682107257041395,76.32
108,367,67,114.42831553744087,33.51528030303022,-0.1624408700307418,25.711751032373733,78.74
137,153,60,142.09897703978257,20.645240807706713,8.909513368720209,44.16887625363472,16.47
169,335,62,112.14514752920265,22.36392790788315,4.037190898275325,40.923561667898646,88.46
92,321,83,89.76972832545711,26.488481311567735,9.95766551513972,22.399997486871573,58.73
109,350,82,120.64352070236887,34.9160336921452,4.771252422495058,19.281593156044238,50.01
113,412,67,101.77525420359272,12.061384975548034,-4.495640207899423,28.329386015713354,68.08
143,211,106,109.55827596058776,22.728906576546642,6.482143528300517,41.25395362457625,63.19
122,354,96,142.17069684830085,12.47852990377806,-4.237489343599333,48.40671138914982,57.63
113,402,62,89.15817050357235,25.439727597205348,2.660149322713278,40.5431627546629,38.4
164,306,92,12.131968566182733,36.96702472018706,10.800253806042939,44.2082794007348,52.0
161,328,87,33.69990917316201,33.47454773691814,-2.1915330312565473,34.12257224682066,69.68
125,440,106,81.75626288566922,16.8352725262933,1.6278300000062496,43.41631323368504,68.69
127,165,67,131.84464797796022,39.27972548796377,7.4076252504241324,41.37683432013671,43.72
173,174,93,108.82376345428128,30.02051194139285,9.998395453612408,25.079421677051204,66.31
188,202,94,118.80148252785443,10.312830981922092,6.406031080622634,32.079612084828845,59.88
178,291,91,88.87381250085028,17.662404540556587,-0.6110546787501239,42.19012487958779,65.81
188,351,83,112.75485383989249,17.8213989975975,6.4683334995756745,11.842269367598256,61.73
114,325,73,62.57805161756588,12.077629188575798,0.04436989876952957,42.3231712942332,42.33
182,393,91,87.28195372191638,38.79479554227787,7.213296906918499,17.115524961960936,51.14
107,405,105,135.24883647911724,24.347658837277713,11.218563168945689,30.58734468485756,60.64
171,197,102,157.5707363202962,36.874437921156456,7.2636886688069,42.33101758223751,66.46
155,437,75,80.88968344236805,19.66646510333885,9.66896854951101,20.152843126267793,66.39
143,385,63,12.640790098788209,13.757007112984814,-4.964234666009982,19.83229757224612,61.07
124,434,96,33.292695225690466,24.230083297186418,7.1987261204371045,26.110575938490076,75.67
169,446,80,8.650699376019167,13.418699041429516,9.102988466709256,45.78571190310538,68.78
150,407,73,119.32102836653277,24.580465089326196,-4.310501461740416,10.017711257488315,73.44
130,348,90,63.15505943714406,37.60891543658224,9.81716136389992,46.055323865677394,41.69
189,265,107,99.93376125088932,25.623044255026382,-0.6361981187292205,16.152280985664312,54.56
122,434,77,91.32344818716493,28.494991806852504,6.309965733626939,49.60345504269928,85.75
157,129,66,19.267135671674673,14.69915310921425,8.606032943397913,48.19387972153872,35.61
122,346,69,75.57073819667056,11.312068776399084,6.265296722009044,29.78700758365133,76.84
103,205,66,43.59819686140657,13.32423886539421,-3.431158534754627,30.508809912505125,26.7
110,150,92,78.21996301683923,27.95594727053097,5.137465820626261,29.261973611034172,40.15
137,180,82,40.62619905989247,12.85035096976914,4.342922164276441,35.41774582638091,33.11
109,232,80,152.07917109846338,21.27978669823934,10.305461557262616,13.62886808939724,56.82
97,384,78,35.48383390119439,26.50275821374468,1.8720754039515564,11.30471793366266,65.94
96,237,107,173.13659651022095,21.65958395889541,0.45837865047985193,12.308117136635953,56.05
156,283,78,77.78378907571464,14.910514043959044,7.747462995419927,27.774613969660574,65.86
106,429,95,153.09292610333364,18.213739225423197,2.015480543417743,21.021917568779337,65.16
122,372,88,115.03384318604039,37.849525985457305,5.983634975086071,34.88158249483975,60.63
137,439,77,133.68630226650671,30.279468267590662,5.989651532118318,49.69769157499116,48.27
165,168,61,139.35168041168654,24.8814351603966,10.096664094122003,25.452926923058637,57.5
148,133,60,93.34785433127811,10.381446699606805,5.177770839424655,32.95365016418053,39.96
175,361,106,100.07759158857547,39.77246201468411,3.5366113693537766,26.62415583629342,67.25
111,152,64,94.94927686652687,30.143648046839296,-2.639187451259211,43.89086670887438,34.84
119,304,79,107.91021616576386,19.50767432034835,-3.032460686462009,46.089456138489524,50.31
127,225,70,10.144028007388776,36.378059799935144,-2.3765333901876504,45.0942244882104,38.85
140,334,101,74.21515472357767,17.752948608754544,-2.0785758174393933,48.97488954717031,47.18
143,142,61,111.08302487320502,26.320497375482546,5.843910575281777,11.100767405616612,46.43
97,339,62,109.60162391977626,29.082122911894754,7.5966812546678355,43.59264648582124,60.52
116,210,82,143.76731655598553,16.631901143611856,4.009855889749119,40.070886921563726,35.23
116,348,71,119.626634295619,39.35191836401788,9.093301453273348,19.14777637601459,57.02
187,250,79,178.62333035961765,32.44575717936993,11.851474854471764,48.252803735501104,60.01
110,282,64,54.67454250651288,26.734396765332097,8.940214695029052,15.927117129197818,49.08
119,435,96,67.85143019159051,15.417837945259027,6.813000352491306,37.181997085356336,59.76
186,194,97,72.17325157686435,11.615746209940784,4.052375890431492,18.9956086726365,55.82
117,107,89,86.5172412285435,19.601794975629502,2.63050221847004,27.255225950962988,12.77
153,283,68,151.29966116171164,32.59562007740209,-3.56532953074278,38.766395877782756,40.38
186,380,93,46.263616442861725,18.079938949060754,1.7892687227097461,32.53298568132187,65.69
158,294,103,140.80003623120015,26.186686614865152,10.472288825296282,27.100073253124467,53.29
150,294,94,75.92928204000509,31.838415301922296,8.7363847084114,23.05353723727949,67.61
137,254,81,110.3246921408515,13.23831143939393,-1.3271267948013175,43.586386228351614,62.05
108,192,103,115.69459331460357,30.558940483476203,2.9323323398526693,15.752574012592548,47.08
93,259,83,70.24851150806353,12.756126631301342,8.884294443495257,27.204115061192002,29.4
124,160,76,94.7076609110159,38.95389226380989,-3.854462568646117,46.150302871005685,53.72
153,221,69,77.28045556334698,24.651823901948188,1.5856739563672084,43.83398201839871,49.51
138,150,89,17.098237582658403,14.520283231296322,9.48130102685711,26.03767049892187,17.04
106,376,105,81.50394304294464,20.271509081006393,1.8662636908921035,40.52433454405233,38.13
133,104,82,22.04384369687163,22.402493478857842,-3.6805510395655054,42.92643322835437,48.07
181,191,91,75.87863983905626,32.74555033229612,4.223084265048275,45.55549696014519,65.9
119,269,76,108.76071997056182,32.30271358229828,9.649622413611022,31.78023076196912,21.57
182,416,109,106.39760738511264,28.35821516011993,5.034854230203715,18.178435442188473,56.36
135,121,76,120.95872382645607,13.177921376754789,-1.1532551603580594,20.212363060157266,51.33
95,425,73,21.6707638920596,14.547081147630207,1.5320735423354828,21.827786961664167,54.56
188,100,68,119.12156796782664,12.812707619366698,2.652097140092847,33.75209923238462,49.97
126,232,99,59.62590992187824,27.315183498626503,4.847528014948956,11.312384965144338,45.82
113,332,61,74.83304057399444,36.31415324534212,7.908967437794422,35.44169875119873,63.65
182,111,104,155.1475944364735,23.014015367643154,-3.3191485001091983,24.57416953712928,45.64
135,445,84,6.580320722671294,14.825445218732387,10.124084561298627,21.809672099585686,56.34
142,145,98,107.97221083460596,26.74126975446901,-4.790735048726715,45.17986282912506,53.11
184,133,68,109.77494651751883,34.352566505971296,1.2908896894623396,28.400095823231958,49.94
188,177,81,74.41546086012335,32.251361845387905,-4.53385473046482,13.802121821307711,57.61
149,317,102,46.47987499395883,36.44352339025065,1.6805618308699515,43.06987072104988,57.66
186,400,105,46.06795669577144,18.337062917466035,3.9388141808465047,11.905650297460264,60.76
152,172,63,159.6491921906317,15.818616018033246,3.698583571885699,39.06996896672787,66.1
174,381,85,82.35426541200006,36.39449457825816,-2.184318100519489,40.956248870826606,70.85
121,348,88,62.90563852310509,29.726809383340694,5.9775886716254085,24.104104237154328,52.27
176,146,104,83.53607542049554,19.327867900226625,-4.23876634142064,42.99151425111147,57.39
122,220,93,122.14332025538823,32.27044151717527,7.952415942251061,30.62637623425814,32.76
156,313,82,30.507399442831545,34.453551534411034,11.092955377890288,28.531746130911873,84.29
107,338,96,83.6509211624041,28.44934721023397,0.7760700615690039,11.816131258747703,52.94
114,155,70,107.87976494431771,30.636523296397453,3.793069489143642,21.601167745956236,25.33
184,449,65,171.0020870990009,21.25779713327999,1.4414747269998447,47.240398835411995,100.0
143,206,77,49.19236186319837,26.160870020291174,-4.8859233648309806,25.67295853134,37.68
147,418,80,67.86888088534297,25.724775121784866,1.559866549216971,31.868020822270733,67.75
156,147,101,71.38775323642416,35.441433733923155,8.45924440744289,31.28086715937007,52.66
135,160,95,110.9691775878545,35.19891940846548,5.131810317119191,33.617243592907734,58.82
113,436,100,67.42810928200029,34.98041408041129,-3.278581451542298,12.453238225731305,68.2
121,125,97,98.36458692744672,10.330948427873974,9.401371324794345,24.48705019194913,27.23
136,391,93,141.81330772288015,32.48636453406665,4.0284508630491285,38.925130955302166,69.26
175,356,76,128.44247896963563,32.76029170333015,9.309297149659495,18.02241004291932,64.17
112,107,96,83.11451313970247,30.351364685654254,4.863765819345499,18.14313510185442,38.02
155,212,84,156.23783109297955,32.68793973674357,4.5147035622449785,10.40362426756099,75.13
116,352,97,102.674543678926,35.25911114490126,-3.2105938516507893,27.49927706432839,67.73
91,279,71,99.48352191288718,24.10957162305357,-2.154884536643325,45.30937522693688,48.05
179,306,82,10.98285903935268,25.061506404653414,11.52442936044205,12.07603774349236,66.27
106,402,101,177.67127156250328,13.741421707341715,-1.1157253051688971,17.644748379840106,73.26
122,226,81,26.519891492684675,21.561276491420855,11.616686005836254,22.403381533710203,29.42
98,155,80,45.44790967483816,29.30095539735353,4.042516010912477,39.26898946256851,34.28
132,313,86,14.046946517267218,33.41199328441824,-2.691586199913069,35.62542371210346,82.02
137,113,90,117.0005191964599,16.516272930736317,-3.31186255318722,26.637756183274202,51.44
128,127,65,44.322705970219,14.134686974777061,-1.4493107980024202,40.36275757033503,25.12
182,177,86,36.501826557726616,29.891260135014768,10.735834610430707,34.38524046627607,39.37
131,315,99,20.497227239067243,10.056396505747319,2.040553813579855,45.84163198628876,39.0
115,253,93,23.07906749670274,15.351177529219894,1.7223825558795447,42.72106996554772,51.02
188,113,71,107.31737257745303,10.872141410318612,0.32450643819295877,20.112544243568024,61.72
139,286,104,125.4363765266542,15.006553535646127,-2.4999485403679973,20.85754310536801,60.53
114,411,66,74.54132298127017,15.439578397765157,3.2934703522709086,15.014259031695424,61.78
113,106,69,88.98198927861282,21.630207842511826,-2.789187697310642,23.47858902869826,27.06
102,102,104,125.04435379702223,22.06981374059668,9.203164018499569,49.98175674876377,36.95
149,210,76,8.041463282458936,36.227874118307135,1.29674876668021,26.23004674460244,34.47
96,337,85,61.547864987298745,25.303291374964758,1.3716606522905384,18.819537387564257,27.72
146,338,80,175.29210591231063,31.702142968368587,3.05810928421365,40.49931537902212,84.66
125,373,87,106.5196401967069,13.124120737608624,2.550171123817777,31.69884013850624,45.82
134,393,105,49.48930148206132,16.763162663910816,11.912585542008465,15.984057981078102,56.38
109,326,61,96.3027581613373,31.088303229360303,4.271479060711142,25.22758724643463,63.17
154,114,102,64.9643604211602,11.584118814055843,-3.5005710355721984,26.578788621573732,52.21
97,291,60,98.14287304460234,24.597929867312594,5.316914806807809,40.153188022768745,51.74
105,218,95,27.004764566163544,27.981068969888014,-2.4230670212120407,10.826854755676178,25.38
103,127,85,28.22506441837354,28.064369321574432,-4.474060039567187,20.76078587193242,26.94
165,301,88,30.11991335689375,10.687984338041261,11.502616612513219,30.70385205262088,44.15
176,138,80,169.4684635871973,19.663240126875564,8.150161156087586,20.753869698113732,48.74
104,372,70,133.2573107097348,29.09471953147462,11.66185287103404,35.137361896759955,76.02
181,330,99,33.41683156590616,14.469992084477303,3.123933616378121,29.274699170984665,25.98
187,185,70,37.96108965898025,30.862469449841598,4.048378029532595,24.468410194383225,43.12
155,225,95,132.89515810240334,32.37775626441024,-2.1382717493747863,47.96834507482049,45.88
121,399,108,32.32867283863044,39.45907571338436,-0.8025737466510448,35.286379967458295,44.31
176,124,98,46.04822633359502,16.295259845692282,9.25533665334808,15.197654890717649,47.4
152,244,99,173.58569574356983,34.753920029983455,1.0551560009991006,32.403667897735815,40.13
175,112,94,49.67864182747557,25.608897307559623,9.055854554539122,41.22927412803604,23.42
140,311,93,120.78566131495069,21.203877884325202,7.0532333128795415,38.339587899711894,67.19
114,124,106,176.26047529509282,13.671302719755339,-1.9880942703782862,16.883569171810375,57.01
147,167,83,70.50193424946372,32.065168194626125,3.6265882240356166,48.89679996160413,41.34
152,166,81,8.065298400860891,17.075727974310613,6.515584465818186,27.95254582986424,22.96
151,332,64,47.7257758239155,21.142660056191374,-1.004367348334973,16.36100014961045,47.29
111,208,92,150.40350848479846,11.876266806921054,9.121704678841306,17.207830165125916,57.76
147,245,95,156.30654629213143,34.04100747458557,4.262070178268175,13.929399687563219,58.68
147,210,106,139.49088879166345,32.9976557191493,-2.1908851424757456,42.14072433739737,49.07
175,327,79,24.79421833840028,32.00847490126937,4.910735244798241,14.881219772873946,63.64
138,210,78,144.21431504687055,18.9833053147566,11.99513467065054,15.005010285669877,49.86
141,133,94,165.76861447386324,15.204402227978717,-2.4411346417219697,44.01886459043351,59.62
131,210,102,110.10666994559132,29.126597934106893,8.884867812031978,23.784163377902384,39.16
159,363,76,169.65318735916134,24.884991523396586,-1.4757469458115144,11.234316172322899,57.58
104,335,104,149.69680464957855,15.347574007139247,8.300601600821484,12.075811980736436,40.1
143,182,102,121.72001547340878,30.57733813149591,7.4878246930640255,15.686817868155822,41.91
149,141,93,106.00741642455593,39.733792954639114,0.10831955520735015,18.53573391902758,31.77
186,200,68,66.00039176734484,32.41658763226113,0.5389929985956465,36.60584776953621,52.9
97,105,85,32.8753029174909,32.199591600568354,8.472863663369626,16.29305120007313,31.03
142,279,61,110.86693647084465,38.509382587917756,2.8445737020843147,14.75497564708288,44.38
149,381,68,60.66952188317091,16.088091027247067,7.42390648810075,40.58876565905116,66.8
94,419,68,156.62676681733794,26.96649894764321,-2.484269494780809,36.842211354396575,81.8
157,325,99,178.83396403775998,39.389401451016504,9.49348229232641,27.412968858209446,72.38
95,414,76,136.6748584577252,14.958823329105236,7.085040183599425,31.972390859204157,29.82
185,328,60,20.83429667523388,31.00755878333563,10.418027750192177,22.47936081305674,85.23
183,388,84,55.51997921786167,27.57430437915706,-2.7496695564054683,29.300016809414426,74.78
136,249,102,24.094185559006203,27.59437276566121,5.08124650613016,30.26690595930983,70.05
188,376,99,118.83953836355026,30.930118825602253,5.1850499456855275,25.489490847123836,84.19
144,297,101,138.90840129726232,37.88850768627053,1.0088325892953014,46.26288842688651,74.72
129,169,84,166.99309540412457,33.47745819554014,2.7939292176773822,10.642474599240245,51.16
141,211,98,81.68016062209784,11.6840831024863,-4.354313424072491,41.286850523649846,38.8
105,103,94,162.74073867797776,35.581840596271334,7.679620656659203,14.975313249652974,44.69
102,449,62,158.6309528322323,16.766239897771978,4.338482149853958,41.90189442148798,57.07
119,430,109,60.50925043394476,21.30742494209116,-4.018402118224046,34.636476627068845,65.64
108,417,96,157.05760946959992,23.851984408371464,6.572850180328254,43.73112363745609,32.76
106,449,103,70.74264407930214,24.42718002259209,2.9352953129301946,13.900573025635898,64.33
152,194,103,56.95212304804914,23.055411977660704,-4.414158589775,32.35922536399096,59.36
108,251,89,118.58806528901879,38.120598826475934,11.483331356417622,30.043515210487882,52.53
181,410,97,62.46671487988919,31.180570229920736,11.134906432520488,38.247727318534345,90.79
147,236,93,115.28653095760023,28.93511937870119,3.719341074502358,31.371622075747034,48.62
144,346,71,111.72056596227155,11.495260833488247,-3.4075688479995265,31.629382685324167,69.54
179,342,78,103.60181228598029,37.11739990781124,7.828560767176061,27.183837743042588,56.29
179,130,96,71.5734482407396,37.28170576025188,3.362828701797394,22.353376960293634,57.18
151,139,103,100.98745128900843,33.40639190290307,0.14160713091945798,29.29057445008769,45.92
112,328,108,109.38495812244878,10.210876114408574,3.354109017985465,14.739694350736023,50.5
98,135,76,100.49520548670785,11.718407532328701,3.8815504718928953,48.460533559323395,0.0
101,322,69,82.77340423146028,16.756711068054692,4.566098883379766,38.57643054506393,46.44
90,105,108,7.5667349830961665,13.940482244347201,2.5008031321405513,48.09868466751387,24.95
147,421,106,107.73579884770142,21.96508089111188,5.297840153363964,19.06909529319853,78.18
90,319,71,34.47776739997594,37.67869174263369,10.618490080308415,45.17364080706112,68.26
123,174,75,117.45079456575819,24.16181302590995,1.1585574806760492,42.351599382541536,66.4
185,103,83,137.88525738650154,10.402078792964968,7.337179874739135,37.086096498306944,57.62
137,434,78,92.57792909787976,18.48237068736286,10.205693466011947,35.00116744340823,59.19
178,233,67,99.9136413714542,11.337847251188846,2.7516476879189273,22.6619866107148,47.88
90,217,90,171.50874794154845,11.088628678405065,2.53874921849237,42.65643139860123,51.5
105,193,80,153.25428824020048,18.271595592866568,5.235988751031252,30.060618459189353,49.76
150,161,76,164.99139029150723,18.268370160368363,5.053914910182298,12.835663035651415,67.64
153,293,82,147.40910045592761,33.61379807804812,8.712018819546708,22.5145264342052,92.13
152,434,96,24.060709823178,39.24503958343335,3.1002175242309757,47.4118839418131,93.63
158,302,75,31.073574794784076,21.13621281669995,11.934090143870499,44.027210424193854,71.18
111,125,65,97.15916452206793,22.86660636583116,-3.988983329256227,49.27622792306157,39.46
182,272,67,48.06219028964969,35.34368308858065,-4.94614657412807,35.119735304163925,71.72
156,399,84,88.42170813220285,18.0441706028654,5.883371296513605,19.90040292561648,85.57
